,en,ru,pt-br,es-es,de,fr-fr,it,pl,zh-cn,jp,ko,,NOTES – use \n for newline,max length
current_language,English,Русский,Português [Brasil],Español,Deutsch,Francais,Italiano,Polski,简体中文,日本語,한국어,,,
twitch_extended_acid_trap,Acid Trap,Кислотная Ловушка,Armadilha Ácida,Trampa Ácida.,Säurefalle,Piège de l'acide,,Pułapka z kwasem,,,,,,
twitch_extended_acid_trap_description,That sounds dangerous!,Звучит опасно!,Isso parece perigoso!,¡Suena peligroso!,Das klingt gefährlich!,ça s'entende dangereux!,,To brzmi niebezpiecznie!,,,,,,
twitch_extended_depression,Depression,Депрессия,Depressão,Depresion,Depression,Dépression,,Depresja,,,,,,
twitch_extended_depression_description,What a sad day..,Какой грустный день...,Mas que dia triste...,Que día más triste...,Was für ein trauriger Tag...,Quelle triste journée...,,Ale smutny dzień...,,,,,,
twitch_extended_worm_rain,Worms Armageddon,Червивый Армагеддон,Apocalipse de Minhocas,Apocalipsis de Gusanos,Wurm Armageddon,Worms Armageddon,,Worms Armageddon,,,,,,
twitch_extended_always_cast,Always Cast,Постоянное Заклинание,Conjuração incessante,Lanzamiento seguro,Immerwirkung,Lancer assuré,Lancia sempre,Zawsze rzucane,始终施放,常時詠唱,항상 시전,,,
twitch_extended_always_cast_description,A random always cast spell has been added to one of your wands.,Случайное постоянное заклинание наложена на одну из Ваших палочек,Uma magia de conjuração incessante aleatória foi adicionada à uma das suas varinhas.,Un hechizo de lanzamiento seguro ha sido añadido a una de tus varas.,Einem deiner Zauberstäbe wurde ein zufälliger Immerwirkungs-Zauber hinzugefügt.,,,"Do jednej z twoich różdżek dodano losowe, zawsze rzucane zaklęcie.",,,,,,
twitch_extended_biggy_hole,Biggy Hole,Огромная Дыра,Buracão,Gran hoyo,Gewaltiges Loch,Un trou gigantic,,Lej po bombie,,,,,,
twitch_extended_biggy_hole_description,Dig a big hole under the streamer!,Вырыть огромную дыру под стримером!,Cava um buracão em baixo do streamer!,Cava un gran hoyo bajo el streamer,Grabe ein Loch unter dem Streamer,Creuse un trou sous le streamer,,Wykop wielką dziurę pod streamerem!,,,,,,
twitch_extended_black_holes,Black Holes,Черные Дыры,Buraco Negro,Agujero Negro,Schwarze Löcher,Trous noirs,,Czarne dziury,,,,,,
twitch_extended_black_holes_description,The world is being ripped apart!,Мир рвется на части!,O mundo está sendo despedaçado!,¡El mundo se despedaza!,Die Welt wird auseinander gerissen!,,,Świat się rozpada!,,,,,,
twitch_extended_blindness,Blindness,Слепота,Cegueira,Ceguera,Blindheit,Cécité,,Ślepota,,,,,,
twitch_extended_blindness_description,It sure got dark in here!,Стало что-то совсем темно!,Quem apagou a luz?,¿Quien apago la luz?,Bisschen dunkel hier drin!,,,Kończymy flaszke bo się ściemnia,,,,,,
twitch_extended_bomb,Bomb The Streamer,Подорвать стримера,Bombardear o Streamer,Bombardea al streamer.,Bombadiere den Streamer,Bombarde le streamer,,Zbombarduj streamera,,,,,,
twitch_extended_bomb_description,EXPLOSION!!,БУМ!,EXPLOSÃO!!,¡¡EXPLOSION!,EXPLOSION!!,EXPLOSION!,,EKSPLOZJA!,,,,,,
twitch_extended_bomb_curse,Bomb Curse,Проклятье Бомбами,Maldição da Bomba,Maldicion de bombas,Bombenfluch,,,Klątwa wielu bomb,,,,,,
twitch_extended_bomb_curse_description,You have been cursed with bombs.,Вас прокляли бомбами,Você foi amaldiçoado com bombas.,Has sido maldecido con bombas,Du wurdest mit Bomben verflucht!,,,Dostałeś w spadku pare bomb,,,,,,
twitch_extended_cheese,Cheese,Сыр,Queijo,Queso,Käse,Fromage,,Ser,,,,,,
twitch_extended_cheese_description,The moon is made of cheese and so is the world..,"Луна сделана из сыра, так же как и этот мир...","Se a Lua é feita de queijo, o mundo também é.","La luna está hecha de queso, así como el mundo...",Der Mond ist aus Käse und die Welt ebenfalls!,"La lune est crée de la fromage, tout le monde aussi.",,"Księżyc jest zrobiony z sera, podobnie jak świat.",,,,,,
twitch_extended_deerpocalypse,Deerpocalypse,Оленепокалипс,Veadocalipse,Apocalce,Rehpokalypse,Cerfpocalypse,,Jeleniapokalipsa,,,,,,
twitch_extended_deerpocalypse_description,Oh deer.,"О, олени.",Eita veado!,¡Oh ciervos!,"Oh, Reh!",Mon cerf...,,Nie jeleń sie.,,,,,,
twitch_extended_diggy_hole,Diggy Hole,Копатель Ям,Cavar Buraquinho,Cavar hoyo,Löchlein graben,,,Dziurka,,,,,,
twitch_extended_diggy_hole_description,Watch your step.,Смотрите куда идете,Cuidado onde pisa.,Cuidado donde pisas,"Pass auf, wo du lang gehst.",Fais attention où tu vas.,,Uważaj jak chodzisz.,,,,,,
twitch_extended_duck_projectiles,Duck Projectiles,Утиные Снаряды,Patojéteis,Patroyectíles,Entengeschosse,Canardtiles,,Kacze pociski.,,,,,,
twitch_extended_duck_projectiles_description,All projectiles are now ducks.,Все Ваши снаряды теперь - утки,Todos os projéteis são patos.,Todos los proyectiles son patos.,Alle Geschosse sind jetzt Enten.,Tous les projectiles sont des canards maintenant.,,Pociskaczki,,,,,,
twitch_extended_earthquake,Earthquake,Землетрясение,Terremoto,Terremoto,Erdbeben,Tremblement de terre,,Trzęsienie ziemi,,,,,,
twitch_extended_earthquake_description,Take cover!,Береги голову!,Se proteja!,¡A cubierto!,In Deckung!,Allez à couvert!,,Kryj się!,,,,,,
twitch_extended_enemy_bombers,Enemy Bombers,Враги-Бомбардировщики,Inimigos Bomba,Bombardero enemigo,Feindliche Bomber,,,Bombowi wrogowie.,,,,,,
twitch_extended_enemy_bombers_description,Nearby enemies have bombs attached to them.,К врагам поблизости теперь прикреплены бомбы,Inimigos se transformaram em homem-bomba.,Los enemigos cercanos tienen bombas pegadas,An allen Feinden hängen Bomben,,,Pobliscy wrogowie mają przyczepione bomby.,,,,,,
twitch_extended_farts,Farts,Газы,Gases,Pedos,Fürze,Pets,,Bąk,,,,,,
twitch_extended_farts_description,You are feeling gassy.,Что-то вас немного пучит,Você está se sentindo estufado.,Te sientes un poco hinchado,Du fühlst dich aufgebläht.,,,Otwórzcie okna ktoś puścił bąka.,,,,,,
twitch_extended_fire_trap,Fire Trap,Огненная Ловушка,Armadilha de Fogo,Trampa ignea,Feuerfalle,Piège de feu,,Ognista Półapka,,,,,,
twitch_extended_fire_trap_description,Oh my god.. RUN!,О божечки... БЕГИ!,Ta pegando fogo bicho!,Oh dios mio... ¡CORRE!,Oh mein Gott.. RENN!,Mon dieu...Courir!,,Nie stój ... UCIEKAJ!!,,,,,,
twitch_extended_gold_rush,Gold Rush,Золотая Лихорадка,Febre do Ouro,Fiebre del oro,Goldrausch,Ruée vers l'or,,Gorączka Złota,,,,,,
twitch_extended_gold_rush_description,I smell gold,Я чую запах золота,Sinto cheiro de ouro.,Huelo oro,Ich rieche Gold,Je sente l'or,,Czujesz złoto,,,,,,
twitch_extended_holy_bomb,Holy Bomb,Святая Бомба,Bomba Sagrada,Bomba sacra,Heilige Bombe,Bombe sacrée,,Święta Bomba,,,,,,
twitch_extended_holy_bomb_description,Well.. Shit.,О... черт.,Mas que merda!,Pues... mira que bien.,Scheisse..,Alors...merde!,,O Kurcze....,,,,,,
twitch_extended_ice_age,Ice Age,Ледниковый Период,Era do Gelo,Edad de hielo,Eiszeit,Âge de glace,,Epoka Lodowcowa,,,,,,
twitch_extended_ice_age_description,Who touched the thermostat!,Кто включил кондей на максимум!?,Quem ligou o ar condicionado?,¡Quién ha tocado el aire-acondicionado!,Wer hat das Thermostat angefasst!?,Qui à touché le thermostat?,,Kto dotknął termostat?,,,,,,
twitch_extended_instant_ocean,Instant Ocean,Мгновенный Океан,Oceano Instantâneo,Océano instantáneo,Plötzlicher Ozean,Océan immédiamente,,Ocean w Butelce,,,,,,
twitch_extended_instant_ocean_description,Who doesn't like a good water level.,Кому может не нравится высокий уровень воды,Quem não gosta de uma boa fase de água?,¿A quién no le gusta un nivel bajo el agua?,Wer mag keinen guten Wasserstand.,Qui n'aime pas une bonne niveau d'eau?,,Kto nie lubi dobrego wodnego poziomu.,,,,,,
twitch_extended_invert_controls,Invert Controls,Инвертированное Управление,Inverter Controles,Invertir Controles,Invertierte Steuerung,Contrôl inverse,,Zamienione kontrolki,,,,,,
twitch_extended_invert_controls_description,You look confused.,Вы сбиты с толку,Você parece confuso.,Pareces confundido.,Du siehst verwirrt aus.,Tu as l'air confus.,,Hej wszystko w pożądku?,,,,,,
twitch_extended_lava_pit,Lava Pit,Яма Лавы,Poço de Lava,Pozo de lava,Lavagrube,Poisse de lave,,Dół z Lawą,,,,,,
twitch_extended_lava_pit_description,One roasted player coming up.,Прожаренный игрок на подходе!,Saindo um jogador torrado!,¡Un jugador a la parrilla marchando!,"""Ein gerösteter Spieler, Kommt sofort.""","Un joueur grillé, viens immédiatement!",,Czas na ofiare,,,,,,
twitch_extended_legos,Legos,Лего,Legos,Legos,Legosteine,Briques de Lego,,Lego,,,,,,
twitch_extended_legos_description,Do not step on these.,Не ходи по нему,Não pisa neles.,Mejor no los pises,Nicht drauf treten.,Ne marche pas içi,,Nie stawaj na nich.,,,,,,
twitch_extended_mighty_duck,Mighty Duck,Могучая Утка,Poderoso Patão,Pato poderoso,Mächtige Ente,Canard puissant,,Potężny Kaczor,,,,,,
twitch_extended_mighty_duck_description,Why am I hearing boss music?,Почему начала играть музыка босса?,Que música é essa que estou ouvindo?,¿Por qué oigo musica de Jefe?,Warum hör ich Bossmusik?,Pourquoui est-ce que j'écoute la musique d'un Boss?,,Czy właśnie włączyła sie bossowa muzyka?,,,,,,
twitch_extended_lock_spell,Lock Spell,Привязка Заклинания,Fixar Magia,Sellar hechizo,Zauber sperren,Bloquer une effet magique,,Blokada Zaklęcia,,,,,,
twitch_extended_lock_spell_description,A spell has been locked to one of your wands,Заклинание было привязано к одному из Ваших жезлов,Uma magia ficou fixada à uma de suas varinhas.,Un hechizo ha sido sellado en una de tus varitas.,Ein Zauber auf einem Zauberstab wurde gesperrt,Une effet magique est bloquée dans une baguette magique,,Jedno z Zaklęć zostało zablokowane do różdżki.,,,,,,
twitch_extended_lots_of_mana,Lots Of Mana,Куча Маны,Um Monte de Mana,Montón de Maná,Ganz viel Mana,Beaucoup de mana,,Dóżo Many,,,,,,
twitch_extended_lots_of_mana_description,You temporarily regenerate mana extremely quickly.,Вы временно очень быстро восстанавливаете ману,Você regenera mana muito rápido por um tempo.,Regeneras maná rápidamente temporalmente.,Du regenerierst Mana zeitweise extrem schnell.,,,Przez chwilę bardzo szybko regenerujesz manę.,,,,,,
twitch_extended_healthy_rain,Healthy Rain,Лечебный Дождь,Chuva Saudável,Lluvia saludable.,Heilender Regen,Pluie de santé,,Zdrowy Deszcz,,,,,,
twitch_extended_healthy_rain_description,It is raining health!,Дождик лечит!,Está chovendo saúde!,¡Llueve salud!,Es regnet Gesundheit!,,,Aż chce sie tańczyć i śpiewać.,,,,,,
twitch_extended_genocide,Genocide,Геноцид,Genocídio,Genocidio,Genozid,Génocide,,Ludobujstwo,,,,,,
twitch_extended_genocide_description,All nearby enemies have been slain.,Все враги поблизости погибли,Todos inimigos próximos foram mortos.,Todos los enemigos cercanos han sido eliminados.,All Gegner in der Nähe werden erschlagen.,Tout des ennemies se sont tués,,All nearby enemies have been slain.,,,,,,
twitch_extended_more_gold,More Gold,Больше Золота,Mais Ouro,Mas oro,Mehr Gold,Plus d'or,,Więcej Złota,,,,,,
twitch_extended_more_gold_description,Gold nuggets are temporarily worth a lot more.,Кусочки золота временно стоят гораздо больше,Você ganha mais ouro por um tempo.,Las pepitas de oro son mas valiosas temporalmente,Goldstücke sind zeitweise mehr wert.,Pièces d'or sont plus valuées temporaire.,,Chwilowa cena złota podskoczyła.,,,,,,
twitch_extended_plague,Rats Everywhere!,Крысы Повсюду!,Ratos Por Todos os Lados!,¡Ratas por todas partes!,Überall Ratten!,Les rats sont partout!,,Wszędzue Szczury,,,,,,
twitch_extended_plague_description,The world is now rats.,Мир теперь полон крыс,O mundo está coberto de ratos.,El mundo son ratas.,Die Welt ist nun voller Ratten,Les rats sont partout dans le monde.,,Dlaczego ściany sie poruszaja?,,,,,,
twitch_extended_poison_pit,Poison Pit,Яма Яда,Poço Venenoso,Pozo venenoso,Giftgrube,Poisse de poison,,Dół z Trucizną,,,,,,
twitch_extended_poison_pit_description,Ew  what is this stuff.,Оу... это что еще такое?,"Eca, que negócio é esse?",Blej ¿qué es esta cosa?,"Igitt, was ist das für ein Zeug? ","Beurk, qu'est-ce que ç'est?!",,uuu.. coś mi tu śmierdzi..,,,,,,
twitch_extended_projectile_attraction,Projectile Attraction,Притягивание Снарядов,Atração de Projéteis,Atraer proyectiles,Geschossanziehung,Attrayer les projectiles,,Przyciąganie Pocisków,,,,,,
twitch_extended_projectile_attraction_description,You attract projectiles.,Вы притягиваете к себе снаряды,Você atrai projéteis.,Atraes proyectiles.,Du ziehst Geschosse an.,Tu es attrayant pour les projectiles.,,Przyciągasz pociski,,,,,,
twitch_extended_random_dowse,Random Dowse,Случайное Погружение,Banho Aleatório,Salpicadura aleatoria,Zufälliges begiessen,,,Losowe Zmoczenie,,,,,,
twitch_extended_random_dowse_description,You got dowsed in a random liquid!,Вас обливают случайной жидкостью!,Você foi banhado em um líquido aleatório.,¡Te has salpicado de un líquido al azar!,Du wurdest mit einer zufälligen Flüssigkeit begossen,,,Zostałeś zmoczony losowym płynem!,,,,,,
twitch_extended_random_potion,Random Potion,Случайное Зелье,Poção Aleatória,Pozión aleatoria,Zufälliger Trank,,,Losowa Potka,,,,,,
twitch_extended_random_potion_description,Potion delivery!,Доставка рандомного зелья!,Entrega de poção!,¡Entrega de pociones!,Tranklieferung!,,,Czy ja to zamawiałem?,,,,,,
twitch_extended_randomize_wand,Randomize Wand,Рандомайзер Жезла,Varinha Azarada,Vara al azar,Zufälliger Zauberstab,,,Zamiana Różdzki,,,,,,
twitch_extended_randomize_wand_description,One of your wands has been randomized.,Один из Ваших жезлов случайно пересобран,Uma das suas varinhas foi randomizada.,Una de tus varitas a cambiado al azar.,Einer deiner Zauberstäbe wurde zufällig bestückt.,,,Jedna z twoich różdżek została wymieniona na losową różdzkę.,,,,,,
twitch_extended_reflect_melee,Reflect Melee,Рукопашное Отражение,Refletir Corpo-a-Corpo,Reflejar Melé,Reflektiere Nahkampf,,,Odbijać Ataki Wręcz,,,,,,
twitch_extended_reflect_melee_description,You temporarily reflect melee damage.,Вы временно отражаете рукопашные атаки,Você reflete dano corpo-a-corpo for um tempo.,Reflejas ataques físicos temporalmente,Du reflektierst zeitweise Nahkampfangriffe,,,Agresja zawsze wraca do ...,,,,,,
twitch_extended_regular_ducks,Regular Ducks,Обычные Утки,Patos Normais,Patos normales,Gewöhnliche Enten,,,Normalne Kaczki,,,,,,
twitch_extended_regular_ducks_description,These ducks are not suspicious.,Эти утки нисколько не подозрительные,Esses patos não são suspeitos.,Estos patos no son sospechosos,An diesen Enten ist nichts auffällig.,,,Prosze sie nie zatrzymywać.,,,,,,
twitch_extended_regular_ducks_2,Totally Regular Ducks,Совершенно Обычные Утки,Patos Absolutamente Normais,Patos Absolutamente Normales,Ganz gewöhnliche Enten,,,Absolutnie Normalne Kaczki,,,,,,
twitch_extended_regular_ducks_2_description,These ducks are suspicious.,Эти утки подозрительные,Esses patos são suspeitos...,Estos patos son sospechosos,Diese Enten sind auffällig.,,,Czekaj zrobie fotke.,,,,,,
twitch_extended_hunting_dogs,Hunting Dogs,Охотничьи Собаки,Cães de Caça,Perros de caza,Jagdhunde,,,Psy Myśliwskie,,,,,,
twitch_extended_hunting_dogs_description,A pack of hunting dogs has appeared.,Появляется стая охотничьих собак,Uma matilha de cachorros apareceu.,Una jauría de perros cazadores ha aparecido,Ein Rudel Jagdhunde taucht auf.,,,Pojawiła się paczka psów myśliwskich.,,,,,,
twitch_extended_scatter_gold,Scatter Gold,Разброс Золота,Espalhar Ouro,Esparcir oro,Gold verstreuen,,,Rozprosz Złoto,,,,,,
twitch_extended_scatter_gold_description,Your gold has been scattered around.,Ваше золото будет разбросано в округе,Seu ouro foi espalhado por aí.,Tu oro ahora se ha esparcido por todas partes.,Dein Gold wurde herum verstreut.,,,Ktoś ma dziurawe kieszenie.,,,,,,
twitch_extended_shuffle_wand,Shuffle Wand,Перемешанный Жезл,Varinha Aleatória,Varita desordenada,Zauberstab wird gemischt,,,Losowa Różdzka,,,,,,
twitch_extended_shuffle_wand_description,One of your wands is now a shuffle wand.,Один из Ваших жезлов теперь с перемешиванием,Uma das suas varinhas virou de tipo aleatória.,Una de tus varitas es del tipo Aleatorio,Einer deiner Zauberstäbe mischt sich jetzt.,,,Jedna z twoich różdżek stała się losowa.,,,,,,
twitch_extended_unshuffle_wand,Unshuffle Wand,Неперемешанный Жезл,Varinha Ordenada,Ordenar Varita,Zauberstab wird nicht mehr gemischt.,,,Poukładana Różdzka,,,,,,
twitch_extended_unshuffle_wand_description,One of your wands is now a non shuffle wand.,Один из Ваших жезлов теперь без перемешивания,Uma das suas varinhas virou de tipo ordenado.,Una de tus varitas es del tipo No-Aleatorio,Einer deiner Zauberstäbe mischt sich nicht mehr.,,,jedna z twoich różdżek przestała być losowa.,,,,,,
twitch_extended_spicy_ducks,Spicy Ducks,Острые Утки,Patos Picantes,Patos picantes,Scharfe Enten,,,Kaczka na Ostro,,,,,,
twitch_extended_spicy_ducks_description,What the duck is going on!,Происходит что-то остренькое,Mas que patalhada é essa?,¿Cuacstá pasando aquí?,Was zur Ente geht hier vor?!,,,Co się dzieje do kaczki!,,,,,,
twitch_extended_strength,Strength,Сила,Força,Fuerza,Stärke,Force,,Siła,,,,,,
twitch_extended_strength_description,Your spells are temporarily 4 times as powerful.,Ваши заклинания временно стали в 4 раза мощнее,Suas magias estão 4x mais forte por um tempo.,Tus hechizos son temporalmente cuatro veces mas fuertes,Deine Zauber sind zeitweise 4-mal so stark,,,Twoje czary chwilowo stały się 4 krotnie silniejsze.,,,,,,
twitch_extended_stun,Stun,Оглушение,Atordoar,Aturdir,Betäubung,,,Oszołomienie,,,,,,
twitch_extended_stun_description,You have been stunned!,Вас оглушили!,Você foi atordoado!,Has sido aturdido,Du wurdest betäubt!,,,Hej spójż tam na chwile...,,,,,,
twitch_extended_tp_streamer,Teleport Streamer,Телепортировать Стримера,Teleportar o Streamer,Teleportar Streamer,Streamer teleportieren.,,,Teleportuj Streamera,,,,,,
twitch_extended_tp_streamer_description,You look very lost.,Вы выглядите потерянным,Você parece perdido...,Pareces muy perdido,Du siehst sehr verloren aus.,,,Wyglądasz na bardzo zagubionego.,,,,,,
twitch_extended_tentacles,Tentacles,Щупальца,Tentáculos,Tentáculos,Tentakel,,,Macki,,,,,,
twitch_extended_tentacles_description,Insert lewd comment here,Здесь должна быть шутка про тентакли,Assisti muito hentai para saber onde isso vai parar...,He visto suficiente para saber cómo va a acabar esto.,Hier eiuen Lewd-Kommentar einfügen,,,Wstaw tutaj sprośny komentarz,,,,,,
twitch_extended_thunderstones,Thunder Stones,Громовые Камни,Pedras do Trovão,Piedras Trueno.,Donnersteine,,,Kamienie Gromu,,,,,,
twitch_extended_thunderstones_description,Electrifying.,Электризующе,Eletrizante!,Electrizante,Elektrisierend.,,,Wstrząsające.,,,,,,
twitch_extended_thunderstorm,Thunder Storm,Гроза,Tempestade de Raios,Tormenta eléctrica,Gewittersturm,,,Burza z Piorunami,,,,,,
twitch_extended_thunderstorm_description,Shocking!,Шокирующее явление!,Chocante!,¡Chispeante!,Schockierend!,,,Porażające.,,,,,,
twitch_extended_whisky_rain,Whisky Rain,Дождь из Виски,Chuva de Whisky,Lluvia de Whisky,Whiskyregen,,,Desz Whisky,,,,,,
twitch_extended_whisky_rain_description,It is raining whisky!,С небес падает виски!,Ta chovendo whisky!,¡Llueve whisky!,Es regnet Whisky!,,,Pada deszcz whisky!,,,,,,
twitch_extended_whisky_world,Whisky World,Мир из Виски,Mundo de Whisky,Mundo de Whisky,Welt aus Whisky,,,Świat z Whisky,,,,,,
twitch_extended_whisky_world_description,An alcoholic's dream!,Мечта алкоголика!,O sonho de um alcoólatra!,¡El sueño de un alcoholico!,Der Traum eines Alkoholikers!,,,Marzenie alkoholika!,,,,,,
twitch_extended_windy,Windy,Ветренно,Ventania,Ventoso,Windig,,,Wietrznie,,,,,,
twitch_extended_windy_description,Make sure to hold your hat.,Держись за шляпу,Segure o seu chapéu.,Agarrate el sombrero,Halt deine Mütze gut fest!,,,"Upewnij się, że trzymasz kapelusz.",,,,,,
twitch_extended_zombie_apocalypse,Zombie Apocalypse,Зомби Апокалипсис,Apocalipse Zumbi,Apocalípsis Zombi,Zombie-Apokalypse,,,Apokalipsa Zombie,,,,,,
twitch_extended_zombie_apocalypse_description,Waves of monsters.,Волны монстров,Ondas de monstros.,Olas de monstruos,Monsterwellen,,,Fale potworów.,,,,,,
twitch_extended_mess_wand,Mess With Wand,Возня с Жезлом,Zoar Uma Varinha,Desordena una varita,Mit einem Zauberstab Unfug anstellen,,,Bałagan z różdżką,,,,,,
twitch_extended_mess_wand_description,The spells in one of your wands have been shuffled around.,У одного из ваших жезлов перемешаны все заклинания,Uma das suas varinhas foi zoada.,Los hechizos de una de tus varitas han sido desordenados.,Die Zauber in einem deiner Zauberstäbe wurden vermischt,,,Zaklęcia w jednej z twoich różdżek zostały przetasowane.,,,,,,
twitch_extended_mess_wands,Mess With All Wands,Возня со Всеми Жезлами,Zoar Todas as Varinhas,Desordena todas las varitas,Mit allen Zauberstäben Unfug anstellen,,,Bałagan Ze Wszystkimi Różdżkami,,,,,,
twitch_extended_mess_wands_description,The spells in all of your wands have been shuffled around.,Заклинания всех ваших жезлов перемешаны,Todas as suas varinhas foram zoadas.,Los hechizos de todas tus varitas han sido desordenados.,Die Zauber in all deinen Zauberstäben wurden vermischt,,,Zaklęcia we wszystkich twoich różdżkach zostały przetasowane.,,,,,,
twitch_extended_1d20,1D20,1D20,Jogar Dado,1D20,1D20,,,1D20,,,,,,
twitch_extended_1d20_description,Roll a random event from the events list.,Случайное событие из списка,Um evento aleatório!,Tira un evento al azar de la lista de eventos,Bekomme ein zufälliges Event aus der Event-Liste,,,Wylosuj wydażenie z listy wydarzeń.,,,,,,
twitch_extended_2d20,2D20,2D20,Jogar Dois Dados,2D20,2D20,,,2D20,,,,,,
twitch_extended_2d20_description,Roll 2 random events from the events list.,Два случайных события из списка,Dois eventos aleatórios!,Tira dos eventos al azar de la lista de eventos,Bekomme zwei zufällige Events aus der Event-Liste,,,Wylosuj dwa wydażenia z listy wydarzeń.,,,,,,
twitch_extended_gold_hurts,Painful Gold,Болезненное Золото,Ouro Dolorido,Oro doloroso,Schmerzhaftes Gold,,,Ciężar Bogactwa,,,,,,
twitch_extended_gold_hurts_description,Picking up gold nuggets temporarily hurts you.,Сбор золотых кусочков наносит урон,Pegar ouro te causa dano por um tempo.,Recoger pepitas de horo de taña temporalemente,Goldstücke aufheben fügt dir kurzzeitig Schaden zu.,,,Przez chwile podnoszenie bryłek złota sprawia ból.,,,,,,
twitch_extended_material_transformation,Material Transformation,Превращение Материалов,Transformação Material,Transformación material,Materialtransformation,,,Przemiana Materii,,,,,,
twitch_extended_material_transformation_description,Some loose materials around you get converted to random liquids.,Некоторые материалы вокруг Вас превращаются в случайные жидкости,Alguns materiais ao seu redor se transformam em líquidos aleatórios.,Algunos materiales a tu alrededor se convierten en liquidos al azar.,Lose Materialien um dich herum werden in zufällige Flüssigkeiten verwandelt.,,,Niektóre luźne materiały wokół ciebie są przekształcane w przypadkowe płyny.,,,,,,
twitch_extended_holy_carpenter,Holy Carpenter,Священный Плотник,Carpinteiro Sagrado,Carpintero sagrado.,Heiliger Zimmermann.,,,Święty Cieśla,,,,,,
twitch_extended_holy_carpenter_description,All liquids you touch turn to alcohol.,Все жидкости до которых Вы дотрагиваетесь превращаются в алкоголь,Todos os líquidos que você toca se transformam em álcool.,Todo liquido que tocas se vuelve alcohol.,"Alle Flüssigkeiten, die du berührst, verwandeln sich in Alkohol.",,,"Wszystkie płyny, które dotkniesz zamieniają się w alkohol ",,,,,,
twitch_extended_half_health,Health 50%,50% Жизни,50% da Vida,Salud al 50%,50% Gesundheit,,,Zdrowie 50%,,,,,,
twitch_extended_half_health_description,Your health is set to 50%,Уровень жизни теперь равен 50%,Sua vida foi alterada para 50%,Tu salud se pone al 50%,Deine Gesundheit wurde auf 50% reduziert.,,,Twoje zdrowie jest zmienione na 50%.,,,,,,
twitch_extended_reduce_max_hp,Reduce Max Health,Уменьшение Максимума Жизни,Reduzir Vida Máxima,Reducir Salud Máxima,Gesamt-HP verringern,,,Zmniejsz Maksymalne Zdrowie,,,,,,
twitch_extended_reduce_max_hp_description,You lost 15% of your max HP but healed fully.,"Вы теряете 15% максимума жизни, но полностью вылечиваетесь","Você perdeu 15% da vida máxima, mas foi totalmente curado.",Pierdes 15% de tu salud pero te curas por completo,"Du hast 15% deiner gesamten HP verloren, dafür vollständig geheilt.",,,Tracisz 15% maksymalnego zdrowia ale jesteś całkowicie uleczony.,,,,,,
twitch_extended_sands_of_time,Sands Of Time,Пески Времени,Areias do Tempo,Arenas del tiempo,Sande der Zeit,,,Piaski Czasu,,,,,,
twitch_extended_sands_of_time_description,The world decays..,Мир распадается...,O mundo se desintegra...,El mundo decae,Die Welt zerfällt...,,,Świat się rozpada ...,,,,,,
twitch_extended_tentacle_monster,Tentacle Monster,Чудовиище с Щупальцами,Monstro dos Tentáculos,Monstruo de tentaculos,Tentakelmonster,,,Potwór z Mackami,,,,,,
twitch_extended_tentacle_monster_description,A eldritch creature has been released upon this world.,Жуткое создание появляется в этом мире,O horror eldritch foi liberado neste mundo.,Una abominación de eldritch ha sido liberada en este mundo,Eine Eldritch-Kreatur wurde auf diese Welt losgelassen.,,,Nieopisywalna istota została wypuszczona na ten świat.,,,,,,
twitch_extended_config_mod_name,Twitch Extended,Twitch Extended,Twitch Extended,Twitch Extended,Twitch Extended,Twitch Extended,Twitch Extended,Twitch Extended,Twitch Extended,Twitch Extended,Twitch Extended,,,
twitch_extended_config_category_options,Options,Настройки,Opções,Opciones,Optionen,,,Opcje,,,,,,
twitch_extended_config_events,Enable event vote,Голосование за события,Ligar votação de eventos,Activar voto de evento,Event-Abstimmung aktivieren,,,Włącz głosowanie na wydarzenie,,,,,,
twitch_extended_config_events_description,"Enables random event votes, will still allow loadout votes and other vote types if those are enabled.","Включает голосование за случайные события. Опция не затрагивает любые другие типы голосований, если они включены","Liga votação de eventos aleatórios, ainda permite outros tipos de votação, se estas estiverem ligadas.","Activa votos de eventos aleatorios, sigue permitiendo votos de equipamiento y otros tipos de voto si estan activos","Aktiviert zufällige Event-Abstimmungen, sowie zusätzlich Loadout- und andere Abstimmungen, sofern diese aktiv sind.",,,"Włącza losowe głosowanie nad wydarzeniami, nadal będzie zezwalać na głosowanie przy ładowaniu i inne typy głosowania, jeśli są włączone.",,,,,,
twitch_extended_config_loadouts,Enable loadout vote,Голосование за экипировку,Ligar votação de equipamento,Activar voto de equipamiento,Loadout-Abstimmung aktivieren,,,Włącz głosowanie na wyposażenie,,,,,,
twitch_extended_config_loadouts_description,Add a loadout vote at the start of every round. [Requires Goki's Things],Включает голосование за экипировку в начале каждого раунда. [Нужен мод Goki's Things],Adciona uma votação de equipamento no início de cada rodada. [Requer Goki's Things],Añade un voto de equipamiento al inicio de cada ronda. [Requiere Goki's Things],Eine Loadout-Abstimmung zum Start jeder Runde hinzufügen [Erfordert Goki's Things],,,Dodaj głosowanie dotyczące wyposażenia na początku każdej rundy. [Wymaga Goki's Things],,,,,,
twitch_extended_config_loadout_vote_length,Loadout vote length,Время голосования за экипировку,Duração da votação de equipamento,Duración de voto de equipamiento,Länge der Loadout-Abstimmung,,,Długość głosowania w zakresie wyposażenia,,,,,,
twitch_extended_config_loadout_vote_length_description,The amount of time viewers get to vote for a loadout. [in seconds],Сколько секунд давать зрителям на голосование за экипировку,O tempo que os espectadores tem para votar nos equipamentos [em segundos],La cantidad de tiempo que los espectadores tienen para votar por un equipamiento. [En segundos],"Menge der Zeit, in welcher die Zuschauer für ein Loadout abstimmen können [in Sekunden]",,,"Czas, przez jaki widzowie mogą głosować na wyposażenie. [w sekundach]",,,,,,
twitch_extended_config_artifacts,Enable run modifier vote,Голосование за модификатор игры,Ligar votação de modificador de partida,Activar voto de modificador de partida,Run-Modifikator Abstimmung aktivieren,,,Włącz głosowanie na modyfikator przebiegu,,,,,,
twitch_extended_config_artifacts_description,Allow viewers to vote for a run modifier at the start of each run.,Включает голосование за модификатор игры в начале каждой новой попытки,Adciona uma votação de modificador de partida ao início de cada partida.,Permite a los espectadores votar un modificador de partida al inicio de cada partida.,Zuschauern das Abstimmen eines Run-Modifikators zu Beginn eines Runs erlauben,,,Pozwól widzom głosować na modyfikator przebiegu na początku każdego biegu.,,,,,,
twitch_extended_config_artifact_vote_length,Run modifier vote length,Время голосования за модификатор игры,Duração da votação de modificador de partida,Duración de votación de modificador de partida.,Länge der Abstimmung für Run-Modifikatoren,,,Długość głosowania na modyfikator,,,,,,
twitch_extended_config_artifact_vote_length_description,The amount of time viewers get to vote for a run modifiers [in seconds],Сколько секунд давать зрителям на голосование за модификатор игры,O tempo que os espectadores tem para votar nos modificadores [em segundos],La cantidad de tiempo que los espectadores tienen para votar por una modificación de partida. [En segundos],"Menge der Zeit, in welcher die Zuschauer die Möglichkeit haben, für einen Run-Modifikator abzustimmen [in Sekunden]",,,"Czas, przez jaki widzowie mogą głosować na modyfikatory przebiegu [w sekundach]",,,,,,
twitch_extended_config_perks,Enable perk vote,Голосования за навыки,Ligar votação de habilidades,Activar voto de habilidades.,Perkabstimmung auslösen,,,Włącz głosowanie na Perki,,,,,,
twitch_extended_config_perks_description,Allow viewers to vote for your perks.,Включает голосование за различные навыки,Permite aos espectadores votar nas suas habilidades,Permite a los espectadores votar por tus habilidades,"Zulassen, dass Zuschauer für einen Perk abstimmen können",,,Pozwól widzom głosować na Twoje Perki.,,,,,,
twitch_extended_config_perk_vote_length,Perk vote length,Время голосования за навыки,Duração da votação de habilidades,Duración de voto de habilidades,Länge der Perkabstimmung,,,Długość głosów na Perki,,,,,,
twitch_extended_config_perk_vote_length_description,The amount of time viewers get to vote for a perk [in seconds],Сколько секунд давать зрителям на голосование за навыки,O tempo que os espectadores tem para votar nas habilidades [em segundos],La cantidad de tiempo que los espectadores tienen para votar por habilidades [En segundos],"Menge der Zeit, in welcher die Zuschauer die Möglichkeit haben, für einen Perk abzustimmen [in Sekunden]",,,"Czas, w którym widzowie mogą głosować na Perki [w sekundach]",,,,,,
twitch_extended_config_champion_naming,Champion names,Имена Чемпионов,Nomes dos Heróis,Nombres de Campeones,Champion-Namen,,,Nazwy mistrzowie,,,,,,
twitch_extended_config_champion_naming_description,Name Goki's Things champions after viewers.,Называть Чемпионов из Goki's Things никами зрителей,Nomeia os heróis [Goki's Things] com os nomes dos espectadores.,Nombra a los campeones de Goki's Things como los espectadores.,Goki's Things Champions nach Viewern benennen,,,Nazwij mistrzów z Goki's Things po widzach.,,,,,,
twitch_extended_config_miniboss_naming,Miniboss names,Имена Минибоссов,Nomes dos Miniboss,Nombres de minijefes.,Miniboss-Namen,,,Nazwy minibossów,,,,,,
twitch_extended_config_miniboss_naming_description,Name Goki's Things minibosses after viewers.,Называть Минибоссов из Goki's Things никами зрителей,Nomeia os miniboss [Goki's Things] com os nomes dos espectadores.,Nombra a los minijefes de Goki's Things como los espectadores.,Goki's Things Minibosse nach Viewern benennen,,,Nazwij minibossów z Goki's Things imieniami widzów.,,,,,,
twitch_extended_config_blessed_beast_naming,Blessed beast names,,,,,,,,,,,,,
twitch_extended_config_blessed_beast_naming_description,Name blessed beasts after viewers.,,,,,,,,,,,,,
twitch_extended_config_blessed_miniboss_naming,Blessed miniboss names,,,,,,,,,,,,,
twitch_extended_config_blessed_miniboss_naming_description,Name blessed beast minibosses after viewers.,,,,,,,,,,,,,
twitch_extended_config_disable_voting_system,Disable Voting System,Отключить голосования,Desativar sistema de votação,Desactivar sistema de votación,Abstimmungssystem deaktivieren,,,Wyłącz System Głosowania,,,,,,
twitch_extended_config_disable_voting_system_description,"Disable the twitch voting system entirely, useful if for example you only want to make use of channel points.","Полностью отключает голосование с Твича. Может быть полезно, если вы хотите задействовать систему баллов чата","Desativa todas as votações. [Por exemplo, se você quiser usar apenas pontos do canal]","Desactiva el sistema de voto de Twitch por completo, útil por ejemplo si solo quieres hacer uso de puntos de canal","Deaktiviere das ganze Twitch-Abstimmungssystem, brauchbar wenn du zum Beispiel nur von deinen Kanalpunkten Gebrauch machen möchtest.",,,"Całkowicie wyłącz głosowania w systemie Twitch, przydatne, jeśli na przykład chcesz korzystać tylko z punktów kanału.",,,,,,
twitch_extended_config_show_chat,Show Chat,Показывать чат с Твича,Mostrar Chat,Mostrar Chat,Chat anzeigen,,,Pokaż Czat,,,,,,
twitch_extended_config_show_chat_description,Show twitch chat messages in game.,Показывать сообщения из чата на Твиче в игре,Mostra o chat da Twitch dentro do jogo,Muestra el chat de Twitch en el juego,Twitch Chatnachrichten im Spiel anzeigen.,,,"Pokaż wiadomości na czacie twitch, w grze.",,,,,,
twitch_extended_config_category_link_rewards,Channel Point Rewards,Награды за баллы канала,Pontos de Canal,Canjear Recompensas de Puntos,Kanalpunkt-Belohnungen,,,Nagrody z Punktów na Kanale,,,,,,
twitch_extended_config_rewards_1,Click the button for the reward you want to link and then redeem the reward on your twitch channel.,"Нажмите на кнопку у той награды, которую хотите сделать доступной за баллы канала на Твиче","Clique no botão da recompensa que você quer vincular, depois resgate a recompensa no seu canal.",Pulsa el botón para la recompensa que quieras vincular y entonces canjea la recompensa en tu canal de Twitch,"Klicke auf den Button für die Belohnung, welche du verlinken willst und löse diese auf deinem Twitch-Kanal ein.",,,"Kliknij przycisk nagrody, którą chcesz podłączyć, a następnie odbierz nagrodę na swoim kanale Twitch.",,,,,,
twitch_extended_config_rewards_2,"Make sure the reward you setup on twitch requires a chat message to be attached, otherwise it will not be read.","Обязательно убедитесь, что у награды за баллы стоит требования ввода сообщения, иначе она не будет поключена","Importante: a recompensa na Twitch precisa permitir incluir um texto, caso contrário não funcionará!",Asegurate de que la recompensa que vinculaste en twitch requiere de un mensaje o no sera leido,"Stelle sicher, dass die Belohnung, die du auf Twitch auslöst, mit einer Chatnachricht verbunden ist, anderenfalls wird diese nicht erfasst.",,,"Upewnij się, że nagroda, którą ustawiłeś na Twitch, wymaga dołączenia wiadomości na czacie, w przeciwnym razie nie zostanie ona odczytana.",,,,,,
twitch_extended_config_reward_redeem,Redeem channel reward on twitch to link..,"Активирайте награду за баллы на канале Твича, что бы установить соединение",Resgate a recompensa no seu canal para vincular...,Canjea la recompensa del canal en Twitch para vincular,Kanalbelohnung auf Twitch verlinken...,,,,,,,,,
twitch_extended_config_reward_unlinked,Unlinked,Соединение отсутствует,Desvinculado,Sin vincular,Nicht verbunden,,,Odłączono,,,,,,
twitch_extended_config_sub_rewards,Enable Subscription Rewards,Событие за платную подписку на канал,Ligar recompensas de inscrição,,Aktivere Abonnenten-Belohnungen,,,Włącz nagrody z subskrypcji,,,,,,
twitch_extended_config_sub_rewards_description,Run a event whenever someone subscribes.,"Включать событие, когда кто-то оформляет платную подписку на канал",Invocar um evento sempre que alguém se inscrever no seu canal.,,"Löse ein Event aus, wenn jemand abonniert.",,,"Uruchom wydarzenie, gdy ktoś uruchomi subskrypcje.",,,,,,
twitch_extended_artifact_as_directed_by,As Directed By,Взрывучесть,Michael Bay,,Unter der Regie von...,,,Zgodnie z zaleceniami,,,,,,
twitch_extended_artifact_as_directed_by_description,All your projectiles are explosive or more explosive!,"Все ваши снаряды теперь взрывные, или даже еще более взрывные!",Todos os seus projéteis são explosivos e mais explosivos!,,Alle deine Projektile explodieren oder erzeugen größere Explosionen!,,,Wszystkie twoje pociski są wybuchowe lub bardziej wybuchowe!,,,,,,
twitch_extended_artifact_bastion,Bastion,Бастион,Muralha,,Bastion,,,Bastion,,,,,,
twitch_extended_artifact_bastion_description,You gain extra defense when you stand still but take more damage when you move!,"Получайте меньше урона, пока стоите, но больше урона, пока передвигаетесь!","Você ganha mas defesa quando está parado, mas recebe mais dano quando se move.",,Du erhällst Extra-Verteidigung wenn du stehen bleibst aber bekommst mehr Schaden wenn du dich bewegst!,,,"Zyskujesz dodatkową obronę, gdy stoisz w miejscu, ale otrzymujesz więcej obrażeń, gdy się poruszasz!",,,,,,
twitch_extended_artifact_battle_royale,Battle Royale,Королевская Битва,Battle Royale,,Battle Royal,,,Battle Royale,,,,,,
twitch_extended_artifact_battle_royale_description,Everyone hates eachother!,Все друг друга ненавидят!,Todo mundo se odeia!,,Jeder hasst jeden!,,,Wszyscy się nienawidzą!,,,,,,
twitch_extended_artifact_brittle_ground,Brittle Ground,Хрупхая Земля,Solo Frágil,,Brüchiger Boden,,,Krucha ziemia,,,,,,
twitch_extended_artifact_brittle_ground_description,The ground collapses beneat you,Земля под вами проваливается,O chão se desfaz sob seus pés.,,Der Boden zerbricht unter dir,,,Ziemia zapada się pod twoimi nogami,,,,,,
twitch_extended_artifact_champions_only,Champions Only,Только Чемпионы,Somente Heróis,,Nur Champions,,,Tylko mistrzowie,,,,,,
twitch_extended_artifact_champions_only_description,All enemies are champions!,Все враги становятся Чемпионами,Todos os inimigos são heróis!,,Jeder Gegner ist ein Champion!,,,Wszyscy wrogowie są mistrzami!,,,,,,
twitch_extended_artifact_drunkard,Drunkard,Пьяница,Bebaço,,Säufer,,,Pijak,,,,,,
twitch_extended_artifact_drunkard_description,"You turn water to whisky, go alcoholic jesus!",Вы превращаете воду в виски!,"Você transforma água em vinho, vai jesus!",,"Du machst Whisky aus Wasser, los alkoholischer Jesus!",,,"Zamieniasz wodę w whisky, niczym Jezus!",,,,,,
twitch_extended_artifact_fall_damage,Fall Damage,Урон от Падения,Dano de Queda,,Fallschaden,,,Obrażenia od spadania,,,,,,
twitch_extended_artifact_fall_damage_description,You take fall damage!,Теперь Вы получаете урон при падении,Você recebe dano ao cair.,,Du bekommst Fallschaden!,,,Otrzymujesz obrażenia od spadania!,,,,,,
twitch_extended_artifact_floor_is_lava,Floor Is Lava,Пол - это Лава,O Chão é Feito de Lava,,Der Boden ist Lava,,,Podłoga to Lawa,,,,,,
twitch_extended_artifact_floor_is_lava_description,You have unlimited flight but take damage while you touch the floor,"Вы можете бесконечно летать, но как только приземлитесь - будете получать урон","Você pode voar infinitamente, mas o chão te causa dano.",,Du kannst unendlich lang fliegen aber bekommst Schaden wenn du den Boden berührst!,,,"Masz nieograniczony lot, ale odnosiesz obrażenia, dotykając podłogi",,,,,,
twitch_extended_artifact_gambler,Gambler,Азартный Игрок,Apostador,,Zocker,,,Hazardzista,,,,,,
twitch_extended_artifact_gambler_description,Perks are hidden until picked up!,"Навыки скрыты, пока вы их не подберете",Habilidades estão escondidas até você escolher uma.,,Perks sind verdeckt bis du die aufnimmst!,,,"Perki są ukryte, dopóki nie zostaną podniesione!",,,,,,
twitch_extended_artifact_glass_cannon,Glass Cannon,Стеклянная Пушка,Canhão de Papel,,Glas-Kanone,,,Szklana armata,,,,,,
twitch_extended_artifact_glass_cannon_description,Half health but double damage!,"В два раза меньше здоровья, но и в два раза больше урона!","Metade da vida, dobro de dano!",,Halbes Leben aber doppelter Schaden!,,,"Połowa zdrowia, ale podwójne obrażenia!",,,,,,
twitch_extended_artifact_health_insurance,Health Insurance,Страхование Жизни,Plano de Saúde,,Lebensversicherung,,,Ubezpieczenie Zdrowotne,,,,,,
twitch_extended_artifact_health_insurance_description,You lose gold when you take damage!,Вы теряете золото при уроне!,Você perde dinheiro quando você toma dano!,,Du verlierst Gold wenn du Schaden bekommst!,,,Tracisz złoto kiedy otrzymujesz obrażenia!,,,,,,
twitch_extended_artifact_high_gravity,High Gravity,Сильная Гравитация,Gravidade Alta,,Erhöhte Anziehungskraft,,,Silna Grawitacja,,,,,,
twitch_extended_artifact_high_gravity_description,You feel a strong pull from beneath!,Силя тяготения становится больше!,Você sente uma grande força te puxando pra baixo!,,Du spührst einen starken Zug von unten!,,,Czujesz mocną siłę ciągnącą cię w dół,,,,,,
twitch_extended_artifact_infestation,Infestation,Нашествие,Infestação,,Plage,,,Infestacja,,,,,,
twitch_extended_artifact_infestation_description,The world is controlled by rats!,Миром управляют крысы!,O mundo é dos ratos.,,Die Welt wird von Ratten kontrolliert!,,,Świat jest kontrolowany przez szczury!,,,,,,
twitch_extended_artifact_iron_robe,Iron Robe,Железная Роба,Roupa de Aço,,Eisenrobe,,,Żelazna szata,,,,,,
twitch_extended_artifact_iron_robe_description,You take less damage but move slowly!,"Вы получаете меньше урона, но передвигаетесь медленнее!","Você recebe menos dano, mas move-se devagar.",,Du erleidest weniger Schaden aber bewegst dich langsamer!,,,"Otrzymujesz mniej obrażeń, ale poruszasz się powoli!",,,,,,
twitch_extended_artifact_jetpack_enemies,Jetpack Enemies,Враги с Джетпаками,Inimigos à Jato,,Jetpack-Gegner,,,Wrogowie wyposażeni są w plecaki odrzutowe,,,,,,
twitch_extended_artifact_jetpack_enemies_description,All enemies have jetpacks!,У всех врагов теперь есть джетпаки!,Todos os inimigos têm jetpacks!,,Alle Gegner haben Jetpacks!,,,Wszyscy wrogowie mają plecaki odrzutowe!,,,,,,
twitch_extended_artifact_jump_king,Jump King,Король Прыжков,Rei do Pulo,,Sprung-König,,,Król Skoków,,,,,,
twitch_extended_artifact_jump_king_description,Your flight is replaced by double jump!,Полет заменяется двойным прыжком!,"Ao invés de voar, você tem pulo duplo.",,Dein Fliegen wird ersetzt mit ein Doppelsprung!,,,Twój lot zostanie zastąpiony dwuskokiem!,,,,,,
twitch_extended_artifact_revenge_rats,Revenge Rats,Крысы Мести,Vingança de Ratos,,Rache-Ratten,,,Szczury Zemsty,,,,,,
twitch_extended_artifact_revenge_rats_description,When you get under half health you spawn a horde of rats!,"Когда уровень здоровья опускается ниже половины, Вы вызываете стаю крыс!","Quando sua vida estiver abaixo da metade, você chama uma horda de ratos!",,Bei halben Leben beschwörst du eine Horde Ratten!,,,"Kiedy zdrowie spadnie poniżej połowy, przyzywasz hordę szczurów!",,,,,,
twitch_extended_artifact_shielded_enemies,Shielded Enemies,Враги со Щитами,Inimigos com Escudo,,Geschützte Gegner,,,Osłonieni Wrogowie,,,,,,
twitch_extended_artifact_shielded_enemies_description,All enemies have shields!,У всех врагов теперь есть щиты!,Todos inimigos ganham escudos!,,Alle Gegner haben Schilde!,,,Wszyscy wrogowie mają osłony!,,,,,,
twitch_extended_artifact_squirt_gun,Squirt Gun,Водяной Пистолет,Tiro Frouxo,,Wasserpistole,,,Pistolet na wodę,,,,,,
twitch_extended_artifact_squirt_gun_description,Your bullets fly half as fast!,Ваши пули летят вдвое медленнее!,Seus projéteis voam na metade da velocidade normal.,,Deine Projektile fliegen nur halb so schnell!,,,Twoje kule lecą o połowę wolniej!,,,,,,
twitch_extended_artifact_stone_skin,Stone Skin,Железная Кожа,Pele Rochosa,,Steinhaut,,,Kamienna Skóra,,,,,,
twitch_extended_artifact_stone_skin_description,You have more health but sink like a rock,"У вас больше здоровья, но вы тоните как камень","Você ganha mais vida, mas afunda igual pedra.",,Du hast mehr Leben aber sinkst wie ein Stein.,,,"Masz więcej zdrowia, ale toniesz jak skała",,,,,,
twitch_extended_artifact_supply_and_demand,Supply And Demand,Спрос и Предложение,Lei da Oferta e Procura,,Angebot und Nachfrage,,,Podaż i Popyt,,,,,,
twitch_extended_artifact_supply_and_demand_description,All shop items are on sale but there is only 1 perk per holy mountain.,"В магазине все товары продаются по скидке, но зато доступен всего 1 перк на святую гору","Todos os items da loja estão em promoção, mas só existe uma habilidade em cada montanha sagrada.",,Alle Itens sind im Angebot aber es gibt nur 1 Perk im Heiligen Berg.,,,"Wszystkie przedmioty w sklepie są w wyprzedaży, ale na świętej górze jest tylko 1 perk.",,,,,,
twitch_extended_artifact_twinkle_toes,Twinkle Toes,Мерцающие Пальчики,Pé de Fada,,Leichtfüßig,,,Migoczące stópki,,,,,,
twitch_extended_artifact_twinkle_toes_description,Light as a feather!,Вы легкий как перышко!,Leve como uma pena!,,Leicht wie eine Feder!,,,Lekki jak piórko!,,,,,,
twitch_extended_artifact_weightless_bullets,Weightless Bullets,Невесомые Пули,Projéteis Leves,,Schwerelose Projektile,,,Nieważkie Kule,,,,,,
twitch_extended_artifact_weightless_bullets_description,Your bullets are unaffected by gravity!,На Ваши пули не действует гравитация!,Seus projéteis não são afetados pela gravidade.,,Deine Projektile sind schwerelos!,,,Na Twoje kule nie działa grawitacja!,,,,,,
twitch_extended_config_category_sub_rewards,Subscription Rewards,Награды за платные подписки,Recompensas de Inscrição,,Subscriber-Belohnungen,,,Nagrody za subskrypcję,,,,,,
twitch_extended_config_category_bit_rewards,Bit Rewards,Награды за Bits,Recompensas de Bits,,Bit-Belohnungen,,,Bitowe nagrody,,,,,,
twitch_extended_config_category_run_modifiers,Run Modifiers,Модификаторы забега,Modificadores,,Run-Modifikatoren,,,Modyfikatory przebiegu,,,,,,
twitch_extended_config_category_sub_rewards_description,Enable or disable subscription rewards here.,Включение или отключение наград за платные подписки,Ligar ou Desligar recompensas de inscrição aqui.,,Aktiviere/Deaktiviere Subscriber-Belohnungen,,,Włącz lub wyłącz nagrody subskrypcyjne tutaj.,,,,,,
twitch_extended_config_category_run_modifiers_description,Enable or disable run modifiers here.,Включение или отключение модификаторов игры,Ligar ou Desligar modificadores aqui.,,Aktiviere/Deaktiviere Run-Modifikatoren,,,Włącz lub wyłącz modyfikatory przebiegu tutaj.,,,,,,
twitch_extended_config_category_bit_rewards_description,Enable or disable bit rewards here.,Включение или отключение наград за Bits,Ligar ou Desligar recompensas de bits aqui.,,Aktiviere/Deaktiviere Bit-Belohnungen,,,Włącz lub wyłącz nagrody bitsowe tutaj.,,,,,,
twitch_extended_config_bit_rewards,Enable Bit Rewards,Включить награды за Bits,Ligar recompensas de bits,,Aktiviere Bit-Belohnungen,,,Włącz nagrody bitsowe,,,,,,
twitch_extended_config_bit_rewards_description,Run a event whenever someone donates a certain amount of bits,Запустить событие когда кто-то донатит определенное количество Bits,Invocar um evento sempre que alguém doar uma certa quantidade de bits.,,Löse ein Event aus wenn jemand ein bestimmten Bit-Betrag spendet,,,"Uruchom wydarzenie, gdy ktoś przekaże określoną liczbę bitsów",,,,,,
twitch_extended_earthquake_timer,Earthquake in $0,Землетрясение через $0,Terremoto em $0,,Erdbeben in $0,,,Trzęsienie ziemi za $0,,,,,,
twitch_extended_config_no_vote_delay,No vote delay,Отключить перерыв между голосованиями,Sem atraso de votação,,Keine Abstimmungsverzögerung,,,Brak opóźnienia w głosowaniu,,,,,,
twitch_extended_config_no_vote_delay_description,Don't wait 30 seconds before starting a vote at the start of the run.,Не ждать 30 секунд до начала голосования в начале новой игры,Não esperar 30 segundos antes da primeira votação no início da partida.,,Warte keine 30 Sekunden für eine Abstimmung am Anfang eines Runs.,,,Nie czekaj 30 sekund przed rozpoczęciem głosowania na początku biegu.,,,,,,
twitch_extended_config_category_perk_list,Perks,Навыки,Habilidades,,Perks,,,Perki,,,,,,
twitch_extended_config_category_perk_list_description,In this menu you can choose which perks chat can vote for during perk votes.,В этом меню можно выбрать навыки за которые могут голосовать участники чата,Neste menu você pode escolher quais habilidades o chat pode votar no início da partida,,"In diesen Menü kannst du die Perks auswählen, über welche abgestimmt werden dürfen.",,,"W tym menu możesz wybrać Perki, na które czat może głosować podczas głosowania na Perki.",,,,,,
twitch_extended_config_reward_message,Use chat message as description,,Usar mensagens do chat como descrição,,Benutze eine Chat-Nachricht als Beschreibung,,,Używaj wiadomości z czatu jako opis,,,,,,
twitch_extended_config_reward_message_description,Replace reward descriptions with the message of the person that redeemed it.,,Altera a mensagem padrão com a mensagem de quem resgatou a recompensa,,"Ersetze die Chat-Nachricht mit der Nachricht von den Zuschauer, der es eingelöst hat.",,,,,,,,,
twitch_extended_config_reward_linked,Linked,,Vinculado,,Verknüpfen,,,Połączono,,,,,,
twitch_extended_config_reward_link,Link,,Vincular,,Verknüpft,,,Połącz,,,,,,
twitch_extended_config_reward_unlink,Unlink,,Desvincular,,Verknüpfung aufheben,,,Odłącz,,,,,,
twitch_extended_channel_rewards_spawn_perk,Spawn Perk,,Invocar Habilidade,,Erschaffe ein Perk,,,Stwórz perk,,,,,,
twitch_extended_channel_rewards_spawn_perk_description,Spawn a random perk,,Invoca uma habilidade aleatória,,Erschaffe ein zufälligen Perk,,,Stwórz losowy perk,,,,,,
twitch_extended_channel_rewards_spawn_spell,Spawn Spell,,Invocar Magia,,Erschaffe ein Zauber,,,Stwórz zaklęcie,,,,,,
twitch_extended_channel_rewards_spawn_spell_description,Spawn a random spell,,Invoca uma magia aleatória,,Erschaffe ein zufälligen Zauber,,,Stwórz losowe zaklęcie,,,,,,
twitch_extended_config_channel_point_rewards,Enable Channel Point Rewards,,Ligar recompensas de pontos de canal,,Aktivere Kanal-Punkte Belohnungen,,,Włącz Nagrody za Punkty Kanału,,,,,,
twitch_extended_config_channel_point_rewards_description,Let viewers redeem channel point rewards to interact with the game. \n[Make sure to link the rewards you want through the Channel Point Rewards tab.],,Permite aos espectadores resgatar recompensas de pontos de canal.\n[Não esqueça de vincular as recompensas na aba de Pontos de Canal],,"Erlaube Zuschauern Kanal-Punkte zu benutzen um das Spiel zu beeinflussen. [Stelle sicher, dass du dein Konto verknüpft hast im Kanal.Punkte Tab]",,,Pozwól widzom wykorzystywać nagrody za punkty kanału aby coś stało się w grze. [Możesz połączyć nagrody które chcesz w zakładce Nagrody za Punkty Kanału],,,,,,
twitch_extended_channel_rewards_spawn_wand,Spawn Wand,,Invocar Varinha,,Erschaffe ein Zauberstab,,,Stwórz Różdżkę,,,,,,
twitch_extended_channel_rewards_spawn_wand_description,Spawn a random wand,,Invoca uma varinha aleatória,,Erschaffe ein zufälligen Zauberstab,,,Stwórz losową różdżkę,,,,,,
twitch_extended_channel_rewards_spawn_enemy,Spawn Enemy,,Invocar inimigo,,Erschaffe ein Gegner,,,Stwórz Przeciwnika,,,,,,
twitch_extended_channel_rewards_spawn_enemy_description,Spawn a random enemy,,Invoca um inimigo aleatório,,Erschaffe ein zufälligen Gegner,,,Stwórz losowego przeciwnika,,,,,,
twitch_extended_channel_rewards_spawn_bomb,Spawn Bomb,,Invocar Bomba,,Erschaffe eine Bombe,,,Stwórz bombę,,,,,,
twitch_extended_channel_rewards_spawn_bomb_description,Spawn a bomb,,Invoca uma bomba,,Erschaffe eine Bombe,,,Stwórz bombę,,,,,,
twitch_extended_channel_rewards_spawn_chest,Spawn Chest,,Invocar Baú,,Erschaffe eine Kiste,,,Stwórz Skrzynię,,,,,,
twitch_extended_channel_rewards_spawn_chest_description,Spawn a random chest,,Invoca um baú aleatório,,Erschaffe eine zufällige Kiste,,,Stwórz losową skrzynie,,,,,,
twitch_extended_channel_rewards_normal_homunculus,Spawn Regular Homunculus,,Invocar Homununclus Normal,,Erschaffe normales Menschlein,,,Stwórz Zwykłego Homonkulusa,,,,,,
twitch_extended_channel_rewards_normal_homunculus_description,Spawn a regular homunculus,,Invoca um homununclus normal,,Erschaffe ein normales Menschlein,,,,,,,,,
twitch_extended_channel_rewards_healer_homunculus,Spawn Healing Homunculus,,Invocar Homununclus de Cura,,Erschaffe heilendes Menschlein,,,Stwórz Leczącego Homonkulusa,,,,,,
twitch_extended_channel_rewards_healer_homunculus_description,Spawn a healing homunculus,,Invoca um homununclus de cura,,Erschaffe ein heilendes Menschlein,,,,,,,,,
twitch_extended_channel_rewards_slow_homunculus,Spawn Slow Homunculus,,Invocar Homununclus de Lentidão,,Erschaffe verlangsamtes Menschlein,,,Stwórz Wolnego Homonkulusa,,,,,,
twitch_extended_channel_rewards_slow_homunculus_description,Spawn a slow homunculus,,Invoca um homununclus de lentidão,,Erschaffe ein verlangsamtes Menschlein,,,,,,,,,
twitch_extended_channel_rewards_fireball_homunculus,Spawn Fire Homunculus,,Invocar Homununclus de Fogo,,Erschaffe Feuer Menschlein,,,Stwórz Ognistego Homonkulusa,,,,,,
twitch_extended_channel_rewards_fireball_homunculus_description,Spawn a fire homunculus,,Invoca um homununclus de fogo,,Erschaffe ein Feuer Menschlein,,,,,,,,,
twitch_extended_channel_rewards_laser_homunculus,Spawn Laser Homunculus,,Invocar Homununclus de Laser,,Erschaffe Laser Menschlein,,,Stwórz Laserowego Homonkulusa,,,,,,
twitch_extended_channel_rewards_laser_homunculus_description,Spawn a laser homunculus,,Invoca um homununclus de laser,,Erschaffe ein Laser Menschlein,,,,,,,,,
twitch_extended_channel_rewards_punch_homunculus,Spawn Fighter Homunculus,,Invocar Homununclus Lutador,,Erschaffe Nahkampf Menschlein,,,Stwórz Walczącego Homonkulusa,,,,,,
twitch_extended_channel_rewards_punch_homunculus_description,Spawn a fighter homunculus,,Invoca um homununclus lutador,,Erschaffe ein Nahkampf Menschlein,,,,,,,,,
twitch_extended_channel_rewards_random_homunculus,Spawn Random Homunculus,,Invocar Homununclus Aleatório,,Erschaffe zufälliges Menschlein,,,Stwórz Losowego Homonkulusa,,,,,,
twitch_extended_channel_rewards_random_homunculus_description,Spawn a random homunculus,,Invoca um homununclus aleatório,,Erschaffe ein zufälliges Menschlein,,,,,,,,,
twitch_extended_sub_rewards_lots_of_gold,Lots Of Gold,,Um Monte de Ouro,,Ganz viel Gold,,,Mnóstwo Złota,,,,,,
twitch_extended_sub_rewards_lots_of_gold_description,Spawns a lot of gold.,,Invoca muito ouro.,,Erschaffe ganz viel Gold.,,,,,,,,,
twitch_extended_sub_rewards_emerald_tablet,Emerald Tablet,,Tábua Esmeralda,,Smaragd-Tafel,,,Szmaragdowa Tablica,,,,,,
twitch_extended_sub_rewards_emerald_tablet_description,Spawn a emerald tablet with the viewer's name and chat message.,,Invoca uma tábua de esmeralda com o nome e mensagem do espectador.,,Erschaffe eine Smaragd-Tafel mit den Namen vom Zuschauer und einer Nachricht.,,,,,,,,,
twitch_extended_sub_rewards_gold_aura,Gold Aura,,Aura Áurea,,Gold Aura,,,Złocista Aura,,,,,,
twitch_extended_sub_rewards_gold_aura_description,You turn nearby enemies to gold,,Você transforma inimigos próximos em ouro.,,Du verwandelst Gegner in deiner Nähe in Gold,,,,,,,,,
twitch_extended_sub_rewards_charm_enemies,Spread the love,,Espalhe o Amor,,Verbreite die Liebe,,,Rozsiej Miłość,,,,,,
twitch_extended_sub_rewards_charm_enemies_description,Nearby enemies have become friendly,,Inimigos próximos se tornam amigáveis.,,Gegner in deiner Nähe werden Befreundet,,,,,,,,,
twitch_extended_sub_rewards_random_perk,Random Perk,,Habilidade Aleatória,,Zufälliger Perk,,,Losowy Perk,,,,,,
twitch_extended_sub_rewards_random_perk_description,A random perk has been added,,Uma habilidade aleatória foi adicionada.,,Ein zufälliger Perk wird hinzugefügt,,,,,,,,,
twitch_extended_effects_buffed,Buffed,,Bombado,,Verstärkt,,,Wzmocnienie,,,,,,
twitch_extended_effects_buffed_description,You do double damage!,,Você causa o dobro de dano.,,Du verursachst doppelten Schaden,,,,,,,,,
twitch_extended_sub_rewards_healing_glitch,Healing Glitch,,Glitch da Cura,,Heiler Glitch,,,Leczący Glitch,,,,,,
twitch_extended_sub_rewards_healing_glitch_description,Spawn a friendly healing Glitch,,Invoca um glitch de cura,,Erschaffe ein freundlichen Heiler-Glitch,,,,,,,,,
twitch_extended_sub_rewards_twitchy_glitch,Twitchy Glitch,,Glitch Twitchy,,Unruhiger Glitch,,,Nerwowy Glitch,,,,,,
twitch_extended_sub_rewards_twitchy_glitch_description,Spawn a friendly twitchy Glitch,,Invoca um glitch twitchy,,Erschaffe ein freundlichen unruhigen Glitch,,,,,,,,,
twitch_extended_sub_rewards_fighter_glitch,Fighter Glitch,,Glitch Lutador,,Nahkampf Glitch,,,Walczący Glitch,,,,,,
twitch_extended_sub_rewards_fighter_glitch_description,Spawn a friendly fighter Glitch,,Invoca um glitch lutador,,Erschaffe ein freundlichen Nahkämpfer-Glitch,,,,,,,,,
twitch_extended_sub_rewards_support_glitch,Support Glitch,,Glitch de Suporte,,Unterstützer Glitch,,,Wspierający Glitch,,,,,,
twitch_extended_sub_rewards_support_glitch_description,Spawn a friendly support Glitch,,Invoca um glitch de suporte,,Erschaffe ein freundlichen Unterstützer-Glitch,,,,,,,,,
twitch_extended_channel_rewards_spawn_potion,Spawn Random Potion,,Poção Aleatória,,Erschaffe zufälligen Trank,,,Stwórz losową miksturę,,,,,,
twitch_extended_channel_rewards_spawn_potion_description,Spawn a random potion,,Invoca uma poção aleatória,,Erschaffe ein zufälligen Trank,,,,,,,,,
twitch_extended_config_category_options_description,In this menu you can adjust the basic functions of the mod,,Neste menu você pode configurar as funções básicas do mod,,In diesen Menü kannst du die Funktionen der Mod anpassen,,,,,,,,,
twitch_extended_config_delay_perk,Delay Perk Vote,,Atrasar votação de habilidade,,,,,,,,,,,
twitch_extended_config_delay_perk_description,Wait for the current vote to end before starting the perk vote,,Esperar a votação atual terminar para começar a votação de habilidade,,Warte die aktuelle Abstimmung ab bevor eine Perk Abstimmung gestartet wird,,,,,,,,,
twitch_extended_config_lib_required,"TWITCH EXTENDED REQUIRES CONFIG LIB, THE MOD WILL NOT WORK WITHOUT IT",,TWITCH EXTENDED NECESSITA DO MOD [CONFIG LIBS] E NÃO VAI FUNCIONAR SEM ELE,,"TWITCH EXTENDED BENÖTIGT CONFIG LIB, DIE MOD WIRD OHNE DIE NICHT FUNKTIONIEREN",,,,,,,,,
twitch_extended_vote_paused,The vote is paused.\nIt will resume once the player leaves the area.,,Votação está pausada\nIrá continuar assim que o jogador sair da área.,,,,,,,,,,,
twitch_extended_config_chat_x,Chat X Position,,Posição X do chat,,,,,,,,,,,
twitch_extended_config_chat_x_description,The position of the chat on the X axis,,Posição horizontal do chat na tela [eixo X],,,,,,,,,,,
twitch_extended_config_chat_y,Chat Y Position,,Posição Y do chat,,,,,,,,,,,
twitch_extended_config_chat_y_description,The position of the chat on the Y axis,,Posição vertical do chat na tela [eixo Y],,,,,,,,,,,
twitch_extended_config_chat_line_split,Message Split Limit,,Limite de quebra de mensagens,,,,,,,,,,,
twitch_extended_config_chat_line_split_description,How many characters a message can have before being split into a new line,,Quantos caracteres uma mensagem pode ter antes de ser quebrada em uma nova linha,,,,,,,,,,,
twitch_extended_config_chat_char_limit,Message Cut-off Limit,,Limite de corte de mensagens,,,,,,,,,,,
twitch_extended_config_chat_char_limit_description,How many characters a message can have before being cut off.,,Quantos caracteres uma mensagem pode ter antes de ser cortada,,,,,,,,,,,
twitch_extended_config_left_side_votes,Votes On Left,,Votação no lado esquerdo,,,,,,,,,,,
twitch_extended_config_left_side_votes_description,Enable this if you have your votes on the left side of the screen.,,Ligue essa opção para mostrar as votações no lado esquerdo,,,,,,,,,,,
twitch_extended_config_pause_in_mountain,Pause In Holy Mountain,,Pausar votação na montanha sagrada,,,,,,,,,,,
twitch_extended_config_pause_in_mountain_description,Pause any votes when you are inside of the Holy Mountain.\n[Using this in combination with perk votes is a experimental feature.],,Pausa todas as votações quando você estiver dentro da montanha sagrada\n[Usar essa opção junto com a votação de habilidades pode causar problemas],,,,,,,,,,,
twitch_extended_config_pause_in_boss,Pause In Boss Arena,,Pausar votação na arena do boss,,,,,,,,,,,
twitch_extended_config_pause_in_boss_description,Pause any votes when you are inside of the Boss Arena.\n[Using this in combination with perk votes is a experimental feature.],,Pausa todas as votações quando você estiver dentro da arena do boss\n[Usar essa opção junto com a votação de habilidades pode causar problemas],,,,,,,,,,,
twitch_extended_config_chat_timeout,Message Timeout,,Timeout de Mensagem,,,,,,,,,,,
twitch_extended_config_chat_timeout_description,Seconds until a chat message disappears,,Quantos segundos até as mensagens do chat desaparecerem da tela,,,,,,,,,,,
twitch_extended_config_chat_count,Message Count,,Quantidade de Mensagens,,,,,,,,,,,
twitch_extended_config_chat_count_description,How many messages can be on the screen at once,,Quantas mensagens do chat podem aparecer na tela,,,,,,,,,,,
twitch_extended_config_show_chat_badges,Show Badges,,Mostrar Medalhas,,,,,,,,,,,
twitch_extended_config_show_chat_badges_description,Show badges infront of names in chat,,Mostrar as medalhas próximas aos nomes no chat,,,,,,,,,,,
twitch_extended_config_show_chat_background,Chat Background,,Background do Chat,,,,,,,,,,,
twitch_extended_config_show_chat_background_description,Add a background box behind the chat,,Adciona uma caixa de fundo no chat,,,,,,,,,,,
twitch_extended_config_remove_user_minutes,User list timeout,,Timeout da lista de usuários,,,,,,,,,,,
twitch_extended_config_remove_user_minutes_description,Minutes before a user is removed from the list of users to be picked for nametags.,,Quantos minutos inativo até um usuário ser removido da lista de nomes,,,,,,,,,,,
twitch_extended_config_include_broadcaster,Include Broadcaster,,Incluir o Streamer,,,,,,,,,,,
twitch_extended_config_include_broadcaster_description,Include the broadcaster in the list of users,,Incluir o proprio streamer na lista de nomes,,,,,,,,,,,
twitch_extended_config_include_moderators,Include Moderators,,Incluir Moderadores,,,,,,,,,,,
twitch_extended_config_include_moderators_description,Include moderators in the list of users,,Incluir moderadores na lista de nomes,,,,,,,,,,,
twitch_extended_config_only_subscribers,Only Subscribers,,Somente Inscritos,,,,,,,,,,,
twitch_extended_config_only_subscribers_description,Only allow subscriber names to be used for nametags,,Somento inscritos têm o nome incluído na lista de nomes,,,,,,,,,,,
twitch_extended_in_game_chat,In-game Chat,,Chat do Jogo,,,,,,,,,,,
twitch_extended_nametags,Nametags,,Nomes,,,,,,,,,,,
twitch_extended_misc,Miscellaneous,,Misc,,,,,,,,,,,
twitch_extended_voting_system,Voting System,,Sistema de Votação,,,,,,,,,,,
twitch_extended_config_seconds,Seconds,,Segundos,,,,,,,,,,,
twitch_extended_config_minutes,Minutes,,Minutos,,,,,,,,,,,
twitch_extended_config_messages,Messages,,Mensagens,,,,,,,,,,,
twitch_extended_config_remove_after_used,Remove After Used,,Remover Depois de Usado,,,,,,,,,,,
twitch_extended_config_remove_after_used_description,Remove a user from the user list after they have shown up as a nametag\n[They get readded when they send another chat message],,Remover um nome de usuário da lista depois que o nome dele for usado\n[O nome é readcionado sempre que eles enviarem uma nova mensagem],,,,,,,,,,,
twitch_extended_config_champion_percentage,Champion Naming Percentage,,Percentual de Nome de Herói,,,,,,,,,,,
twitch_extended_config_champion_percentage_description,The percentage chance for a champion to be named after a chat member [if a name is available],,A chance de um herói ser nomeado com um nome do chat [se existir alguém na lista],,,,,,,,,,,
twitch_extended_config_blessed_beast_percentage,Blessed Beast Naming Percentage,,,,,,,,,,,,,
twitch_extended_config_blessed_beast_percentage_description,The percentage chance for a blessed beast to be named after a chat member [if a name is available],,,,,,,,,,,,,
twitch_extended_config_miniboss_percentage,Miniboss Naming Percentage,,Percentual de Nome de Miniboss,,,,,,,,,,,
twitch_extended_config_miniboss_percentage_description,The percentage chance for a miniboss to be named after a chat member [if a name is available],,A chance de um miniboss ser nomeado com um nome do chat [se existir alguém na lista],,,,,,,,,,,
twitch_extended_config_blessed_miniboss_percentage,Blessed miniboss Naming Percentage,,,,,,,,,,,,,
twitch_extended_config_blessed_miniboss_percentage_description,The percentage chance for a blessed miniboss to be named after a chat member [if a name is available],,,,,,,,,,,,,
twitch_extended_deaths,Deaths,,Mortes,,,,,,,,,,,
twitch_extended_death,Death,,Morte,,,,,,,,,,,
twitch_extended_wins,Wins,,Vitórias,,,,,,,,,,,
twitch_extended_win,Win,,Vitória,,,,,,,,,,,
twitch_extended_config_enable_death_counter,Enable Death Counter,,Ligar Contador de Morte,,,,,,,,,,,
twitch_extended_config_enable_death_counter_description,Enable a on screen counter that counts your deaths.,,Mostrar na tela um contador de mortes,,,,,,,,,,,
twitch_extended_config_death_counter_x,Death Counter X Position,,Posição X do contador de morte,,,,,,,,,,,
twitch_extended_config_death_counter_x_description,The X position of the death counter [percentage of the screen],,Posição horizontal do contador de morte na tela [eixo X],,,,,,,,,,,
twitch_extended_config_death_counter_y,Death Counter Y Position,,Posição Y do contador de morte,,,,,,,,,,,
twitch_extended_config_death_counter_y_description,The Y position of the death counter [percentage of the screen],,Posição vertical do contador de morte na tela [eixo Y],,,,,,,,,,,
twitch_extended_config_reset_death_counter,Reset Death Counter,,Resetar Contador de Morte,,,,,,,,,,,
twitch_extended_config_reset_death_counter_description,Resets the death counter to 0,,Reseta o Contador de Morte para 0,,,,,,,,,,,
twitch_extended_death_counter,Death Counter,,Contador de Morte,,,,,,,,,,,
twitch_extended_config_category_bit_rewards_description,Enable or disable bit rewards here.,,Ligue ou Desligue recompensas de bits aqui.,,,,,,,,,,,
twitch_extended_enable,Enable,,Ligar,,,,,,,,,,,
twitch_extended_config_no_event_timers_name,No Event Timers,,Sem Temporizadores de Eventos,,,,,,,,,,,
twitch_extended_config_no_event_timers_description,Disable any event timers that events may have.,,Desliga todos temporizadores que eventos possam ter.,,,,,,,,,,,
twitch_extended_info,About,,Sobre,,,,,,,,,,,
twitch_extended_version,Version,,Versão,,,,,,,,,,,
twitch_extended_author,Author,,Autor,,,,,,,,,,,
twitch_extended_date,Release Date,,Data do Release,,,,,,,,,,,
twitch_extended_bit_exact_amount_name,Require Exact Amount,,Requerer Quantidade Exata,,,,,,,,,,,
twitch_extended_bit_exact_amount_description,If this is unchecked any amount above it until the next reward also triggers it.,,"Se isto for desativado, qualquer quantidade acima do valor selecionado também pode ativar a recompensa.",,,,,,,,,,,
twitch_extended_bit_amount_amount_name,Amount of bits:,,Quantidade de Bits:,,,,,,,,,,,
twitch_extended_bit_amount_amount_description,How many bits to trigger reward.,,Quantos Bits são necessários para ativar uma recompensa.,,,,,,,,,,,
twitch_extended_no_redeem_message_name,No redeem message,,Sem mensagem de resgate,,,,,,,,,,,
twitch_extended_no_redeem_message_description,Don't show a redeem message.,,Não mostrar mensagem de resgate.,,,,,,,,,,,
twitch_extended_loadout_spellcaster_types,"Wizard,Warlock,Witch,Mage,Druid,Magician,Spellcaster,Spellslinger,Spellsmith,Spellmaster,Initiate,Enthusiast",,,,,,,,,,,,
twitch_extended_config_custom_cape_color,Loadout Cape Color,,,,,,,,,,,,,
twitch_extended_config_custom_cape_color_description,Allow loadouts to change the cape color.,,,,,,,,,,,,,
twitch_extended_config_unlock_spells,Loadout Unlocked Wands,,,,,,,,,,,,,
twitch_extended_config_unlock_spells_description,Unlock all spells on loadout wands.,,,,,,,,,,,,,
twitch_extended_config_custom_sprites,Loadout Custom Sprites,,,,,,,,,,,,,
twitch_extended_config_custom_sprites_description,Allow loadouts to overwrite the player sprite.,,,,,,,,,,,,,
twitch_extended_config_category_loadouts,Loadouts,,,,,,,,,,,,,
twitch_extended_config_category_loadouts_description,Enable or disable loadouts here.,,,,,,,,,,,,,
twitch_extended_config_category_shift_blacklist_input,Shift Input Blacklist,,,,,,,,,,,,,
twitch_extended_config_category_shift_blacklist_output,Shift Output Blacklist,,,,,,,,,,,,,
twitch_extended_config_category_shift_blacklist_input_description,Blacklist input materials for shifts here.,,,,,,,,,,,,,
twitch_extended_config_category_shift_blacklist_output_description,Blacklist output materials for shifts here.,,,,,,,,,,,,,
twitch_extended_channel_rewards_local_shift,Local Shift,,,,,,,,,,,,,
twitch_extended_channel_rewards_local_shift_description,Shift nearby material into another. [Chat: material1 > material2],,,,,,,,,,,,,
twitch_extended_channel_rewards_fungal_shift,Fungal Shift,,,,,,,,,,,,,
twitch_extended_channel_rewards_fungal_shift_description,Shift material into another. [Chat: material1 > material2],,,,,,,,,,,,,